94505bcb-1347-4316-bc13-57639a2eee6a,comercial_mexicana
94505bcb-1347-4316-bc13-57639a2eee6a,comercial_mexicana
94505bcb-1347-4316-bc13-57639a2eee6a,comercial_mexicana
94505bcb-1347-4316-bc13-57639a2eee6a,comercial_mexicana
94505bcb-1347-4316-bc13-57639a2eee6a,walmart
94505bcb-1347-4316-bc13-57639a2eee6a,walmart
94505bcb-1347-4316-bc13-57639a2eee6a,walmart
94505bcb-1347-4316-bc13-57639a2eee6a,walmart
94505bcb-1347-4316-bc13-57639a2eee6a,walmart
94505bcb-1347-4316-bc13-57639a2eee6a,walmart
94505bcb-1347-4316-bc13-57639a2eee6a,walmart
94505bcb-1347-4316-bc13-57639a2eee6a,walmart
94505bcb-1347-4316-bc13-57639a2eee6a,walmart
94505bcb-1347-4316-bc13-57639a2eee6a,comercial_mexicana
94505bcb-1347-4316-bc13-57639a2eee6a,comercial_mexicana
94505bcb-1347-4316-bc13-57639a2eee6a,comercial_mexicana
94505bcb-1347-4316-bc13-57639a2eee6a,comercial_mexicana
95f597c5-ec08-43d6-b371-898ebd3d45de,comercial_mexicana
95f597c5-ec08-43d6-b371-898ebd3d45de,comercial_mexicana
95f597c5-ec08-43d6-b371-898ebd3d45de,comercial_mexicana
95f597c5-ec08-43d6-b371-898ebd3d45de,walmart
95f597c5-ec08-43d6-b371-898ebd3d45de,walmart
95f597c5-ec08-43d6-b371-898ebd3d45de,walmart
95f597c5-ec08-43d6-b371-898ebd3d45de,walmart
95f597c5-ec08-43d6-b371-898ebd3d45de,walmart
95f597c5-ec08-43d6-b371-898ebd3d45de,walmart
95f597c5-ec08-43d6-b371-898ebd3d45de,walmart
95f597c5-ec08-43d6-b371-898ebd3d45de,walmart
95f597c5-ec08-43d6-b371-898ebd3d45de,walmart
95f597c5-ec08-43d6-b371-898ebd3d45de,walmart
95f597c5-ec08-43d6-b371-898ebd3d45de,walmart
95f597c5-ec08-43d6-b371-898ebd3d45de,walmart
95f597c5-ec08-43d6-b371-898ebd3d45de,walmart
95f597c5-ec08-43d6-b371-898ebd3d45de,walmart
95f597c5-ec08-43d6-b371-898ebd3d45de,walmart
95f597c5-ec08-43d6-b371-898ebd3d45de,walmart
95f597c5-ec08-43d6-b371-898ebd3d45de,walmart
95f597c5-ec08-43d6-b371-898ebd3d45de,walmart
95f597c5-ec08-43d6-b371-898ebd3d45de,walmart
95f597c5-ec08-43d6-b371-898ebd3d45de,walmart
95f597c5-ec08-43d6-b371-898ebd3d45de,walmart
95f597c5-ec08-43d6-b371-898ebd3d45de,walmart
95f597c5-ec08-43d6-b371-898ebd3d45de,walmart
95f597c5-ec08-43d6-b371-898ebd3d45de,walmart
95f597c5-ec08-43d6-b371-898ebd3d45de,walmart
95f597c5-ec08-43d6-b371-898ebd3d45de,walmart
95f597c5-ec08-43d6-b371-898ebd3d45de,walmart
95f597c5-ec08-43d6-b371-898ebd3d45de,walmart
95f597c5-ec08-43d6-b371-898ebd3d45de,walmart
95f597c5-ec08-43d6-b371-898ebd3d45de,walmart
95f597c5-ec08-43d6-b371-898ebd3d45de,walmart
95f597c5-ec08-43d6-b371-898ebd3d45de,walmart
95f597c5-ec08-43d6-b371-898ebd3d45de,walmart
95f597c5-ec08-43d6-b371-898ebd3d45de,walmart
95f597c5-ec08-43d6-b371-898ebd3d45de,walmart
95f597c5-ec08-43d6-b371-898ebd3d45de,walmart
95f597c5-ec08-43d6-b371-898ebd3d45de,walmart
95f597c5-ec08-43d6-b371-898ebd3d45de,walmart
95f597c5-ec08-43d6-b371-898ebd3d45de,walmart
95f597c5-ec08-43d6-b371-898ebd3d45de,walmart
95f597c5-ec08-43d6-b371-898ebd3d45de,walmart
95f597c5-ec08-43d6-b371-898ebd3d45de,walmart
95f597c5-ec08-43d6-b371-898ebd3d45de,walmart
95f597c5-ec08-43d6-b371-898ebd3d45de,walmart
95f597c5-ec08-43d6-b371-898ebd3d45de,walmart
95f597c5-ec08-43d6-b371-898ebd3d45de,walmart
95f597c5-ec08-43d6-b371-898ebd3d45de,walmart
95f597c5-ec08-43d6-b371-898ebd3d45de,walmart
95f597c5-ec08-43d6-b371-898ebd3d45de,walmart
95f597c5-ec08-43d6-b371-898ebd3d45de,comercial_mexicana
95f597c5-ec08-43d6-b371-898ebd3d45de,walmart
95f597c5-ec08-43d6-b371-898ebd3d45de,walmart
95f597c5-ec08-43d6-b371-898ebd3d45de,walmart
95f597c5-ec08-43d6-b371-898ebd3d45de,walmart
95f597c5-ec08-43d6-b371-898ebd3d45de,walmart
95f597c5-ec08-43d6-b371-898ebd3d45de,walmart
95f597c5-ec08-43d6-b371-898ebd3d45de,comercial_mexicana
95f597c5-ec08-43d6-b371-898ebd3d45de,comercial_mexicana
95f597c5-ec08-43d6-b371-898ebd3d45de,comercial_mexicana
95f597c5-ec08-43d6-b371-898ebd3d45de,comercial_mexicana
95f597c5-ec08-43d6-b371-898ebd3d45de,comercial_mexicana
c86d8905-e78b-49ff-9802-aa3508252558,comercial_mexicana
c86d8905-e78b-49ff-9802-aa3508252558,comercial_mexicana
c86d8905-e78b-49ff-9802-aa3508252558,comercial_mexicana
c86d8905-e78b-49ff-9802-aa3508252558,comercial_mexicana
9384c90c-7a48-4eb8-9b61-dd0845ca296f,comercial_mexicana
9384c90c-7a48-4eb8-9b61-dd0845ca296f,comercial_mexicana
9384c90c-7a48-4eb8-9b61-dd0845ca296f,comercial_mexicana
9384c90c-7a48-4eb8-9b61-dd0845ca296f,comercial_mexicana
9384c90c-7a48-4eb8-9b61-dd0845ca296f,comercial_mexicana
9384c90c-7a48-4eb8-9b61-dd0845ca296f,comercial_mexicana
