,item_uuid,time,source,store_uuid,city,date,discount,lat,lng,price,price_original,promo,state,url,zip
0,0c8df735-e552-45dd-8ee1-fe27794820bf,2018-05-16 03:31:38.852,chedraui,e0857624-7b09-11e7-855a-0242ac110005,Álvaro Obregón,20180516,0.0,19.359399795532227,-99.29340362548828,149.0,149.0,,Distrito Federal,https://www.chedraui.com.mx/Departamentos/Higiene-y-Belleza/Higiene-y-Cuidado-Personal/Cuidado-del-Cabello/Tratamientos-para-el-Cabello/Tratamiento-Dppity-Do-Curls-250-ml/p/000000000003395700,
1,0c8df735-e552-45dd-8ee1-fe27794820bf,2018-05-16 03:24:55.135,chedraui,dfe68884-7b09-11e7-855a-0242ac110005,Álvaro Obregón,20180516,0.0,19.36870002746582,-99.2582015991211,149.0,149.0,,Distrito Federal,https://www.chedraui.com.mx/Departamentos/Higiene-y-Belleza/Higiene-y-Cuidado-Personal/Cuidado-del-Cabello/Tratamientos-para-el-Cabello/Tratamiento-Dppity-Do-Curls-250-ml/p/000000000003395700,
2,0c8df735-e552-45dd-8ee1-fe27794820bf,2018-05-16 03:23:53.390,chedraui,dfe68884-7b09-11e7-855a-0242ac110005,Álvaro Obregón,20180516,0.0,19.36870002746582,-99.2582015991211,149.0,149.0,,Distrito Federal,https://www.chedraui.com.mx/Departamentos/Higiene-y-Belleza/Higiene-y-Cuidado-Personal/Cuidado-del-Cabello/Tratamientos-para-el-Cabello/Tratamiento-Dppity-Do-Curls-250-ml/p/000000000003395700,
3,0c8df735-e552-45dd-8ee1-fe27794820bf,2018-05-16 03:18:11.259,chedraui,c7f3046e-7b09-11e7-855a-0242ac110005,Tuxtla Gutiérrez,20180516,0.0,16.77050018310547,-93.11160278320312,149.0,149.0,,Chiapas,https://www.chedraui.com.mx/Departamentos/Higiene-y-Belleza/Higiene-y-Cuidado-Personal/Cuidado-del-Cabello/Tratamientos-para-el-Cabello/Tratamiento-Dppity-Do-Curls-250-ml/p/000000000003395700,
4,0c8df735-e552-45dd-8ee1-fe27794820bf,2018-05-16 03:02:08.397,chedraui,e06ed1bc-7b09-11e7-855a-0242ac110005,Álvaro Obregón,20180516,0.0,19.336200714111328,-99.15840148925781,149.0,149.0,,Distrito Federal,https://www.chedraui.com.mx/Departamentos/Higiene-y-Belleza/Higiene-y-Cuidado-Personal/Cuidado-del-Cabello/Tratamientos-para-el-Cabello/Tratamiento-Dppity-Do-Curls-250-ml/p/000000000003395700,
5,0c8df735-e552-45dd-8ee1-fe27794820bf,2018-05-16 03:00:57.515,chedraui,c7ddb9ba-7b09-11e7-855a-0242ac110005,Tuxtla Gutierrez,20180516,0.0,16.753400802612305,-93.14959716796875,149.0,149.0,,Chiapas,https://www.chedraui.com.mx/Departamentos/Higiene-y-Belleza/Higiene-y-Cuidado-Personal/Cuidado-del-Cabello/Tratamientos-para-el-Cabello/Tratamiento-Dppity-Do-Curls-250-ml/p/000000000003395700,
6,0c8df735-e552-45dd-8ee1-fe27794820bf,2018-05-16 02:43:38.463,chedraui,e4a0cfba-7b09-11e7-855a-0242ac110005,Azcapotzalco,20180516,0.0,19.454599380493164,-99.21880340576172,149.0,149.0,,Distrito Federal,https://www.chedraui.com.mx/Departamentos/Higiene-y-Belleza/Higiene-y-Cuidado-Personal/Cuidado-del-Cabello/Tratamientos-para-el-Cabello/Tratamiento-Dppity-Do-Curls-250-ml/p/000000000003395700,
7,0c8df735-e552-45dd-8ee1-fe27794820bf,2018-05-16 02:27:37.716,chedraui,6da5c8ae-e218-11e7-94d4-0242ac110003,Villahermosa,20180516,0.0,17.975000381469727,-92.96330261230469,149.0,149.0,,Tabasco,https://www.chedraui.com.mx/Departamentos/Higiene-y-Belleza/Higiene-y-Cuidado-Personal/Cuidado-del-Cabello/Tratamientos-para-el-Cabello/Tratamiento-Dppity-Do-Curls-250-ml/p/000000000003395700,86150
8,0c8df735-e552-45dd-8ee1-fe27794820bf,2018-05-16 01:56:46.411,chedraui,c0571b9c-7b08-11e7-855a-0242ac110005,Carmen,20180516,0.0,18.65690040588379,-91.79129791259766,149.0,149.0,,Campeche,https://www.chedraui.com.mx/Departamentos/Higiene-y-Belleza/Higiene-y-Cuidado-Personal/Cuidado-del-Cabello/Tratamientos-para-el-Cabello/Tratamiento-Dppity-Do-Curls-250-ml/p/000000000003395700,
9,0c8df735-e552-45dd-8ee1-fe27794820bf,2018-05-16 01:40:58.724,chedraui,ba0c66de-7b08-11e7-855a-0242ac110005,Campeche,20180516,0.0,19.8439998626709,-90.52429962158203,149.0,149.0,,Campeche,https://www.chedraui.com.mx/Departamentos/Higiene-y-Belleza/Higiene-y-Cuidado-Personal/Cuidado-del-Cabello/Tratamientos-para-el-Cabello/Tratamiento-Dppity-Do-Curls-250-ml/p/000000000003395700,
10,0c8df735-e552-45dd-8ee1-fe27794820bf,2018-05-16 01:39:45.252,chedraui,c03a0200-7b08-11e7-855a-0242ac110005,Carmen,20180516,0.0,18.64240074157715,-91.82129669189453,149.0,149.0,,Campeche,https://www.chedraui.com.mx/Departamentos/Higiene-y-Belleza/Higiene-y-Cuidado-Personal/Cuidado-del-Cabello/Tratamientos-para-el-Cabello/Tratamiento-Dppity-Do-Curls-250-ml/p/000000000003395700,
11,0c8df735-e552-45dd-8ee1-fe27794820bf,2018-05-16 01:29:00.288,chedraui,eabee8f0-7b09-11e7-855a-0242ac110005,Coyoacán,20180516,0.0,19.304000854492188,-99.11869812011719,149.0,149.0,,Distrito Federal,https://www.chedraui.com.mx/Departamentos/Higiene-y-Belleza/Higiene-y-Cuidado-Personal/Cuidado-del-Cabello/Tratamientos-para-el-Cabello/Tratamiento-Dppity-Do-Curls-250-ml/p/000000000003395700,
12,0c8df735-e552-45dd-8ee1-fe27794820bf,2018-05-16 01:22:08.918,chedraui,a784d01e-7b08-11e7-855a-0242ac110005,Los Cabos,20180516,0.0,23.096500396728516,-109.70999908447266,149.0,149.0,,Baja California Sur,https://www.chedraui.com.mx/Departamentos/Higiene-y-Belleza/Higiene-y-Cuidado-Personal/Cuidado-del-Cabello/Tratamientos-para-el-Cabello/Tratamiento-Dppity-Do-Curls-250-ml/p/000000000003395700,
13,0c8df735-e552-45dd-8ee1-fe27794820bf,2018-05-16 01:12:40.286,chedraui,ba21a184-7b08-11e7-855a-0242ac110005,Campeche,20180516,0.0,19.849199295043945,-90.49500274658203,149.0,149.0,,Campeche,https://www.chedraui.com.mx/Departamentos/Higiene-y-Belleza/Higiene-y-Cuidado-Personal/Cuidado-del-Cabello/Tratamientos-para-el-Cabello/Tratamiento-Dppity-Do-Curls-250-ml/p/000000000003395700,
14,0c8df735-e552-45dd-8ee1-fe27794820bf,2018-05-16 00:44:04.124,chedraui,e02a5370-7b09-11e7-855a-0242ac110005,Álvaro Obregón,20180516,0.0,19.37339973449707,-99.16239929199219,149.0,149.0,,Distrito Federal,https://www.chedraui.com.mx/Departamentos/Higiene-y-Belleza/Higiene-y-Cuidado-Personal/Cuidado-del-Cabello/Tratamientos-para-el-Cabello/Tratamiento-Dppity-Do-Curls-250-ml/p/000000000003395700,
15,0c8df735-e552-45dd-8ee1-fe27794820bf,2018-05-16 00:38:09.968,chedraui,e02a5370-7b09-11e7-855a-0242ac110005,Álvaro Obregón,20180516,0.0,19.37339973449707,-99.16239929199219,149.0,149.0,,Distrito Federal,https://www.chedraui.com.mx/Departamentos/Higiene-y-Belleza/Higiene-y-Cuidado-Personal/Cuidado-del-Cabello/Tratamientos-para-el-Cabello/Tratamiento-Dppity-Do-Curls-250-ml/p/000000000003395700,
16,0c8df735-e552-45dd-8ee1-fe27794820bf,2018-05-16 00:24:41.998,chedraui,dfd2a882-7b09-11e7-855a-0242ac110005,Álvaro Obregón,20180516,0.0,19.36870002746582,-99.2582015991211,149.0,149.0,,Distrito Federal,https://www.chedraui.com.mx/Departamentos/Higiene-y-Belleza/Higiene-y-Cuidado-Personal/Cuidado-del-Cabello/Tratamientos-para-el-Cabello/Tratamiento-Dppity-Do-Curls-250-ml/p/000000000003395700,
17,0c8df735-e552-45dd-8ee1-fe27794820bf,2018-05-16 00:09:41.401,chedraui,e6f2296c-7b09-11e7-855a-0242ac110005,Benito Juárez,20180516,0.0,19.31290054321289,-99.13529968261719,149.0,149.0,,Distrito Federal,https://www.chedraui.com.mx/Departamentos/Higiene-y-Belleza/Higiene-y-Cuidado-Personal/Cuidado-del-Cabello/Tratamientos-para-el-Cabello/Tratamiento-Dppity-Do-Curls-250-ml/p/000000000003395700,
18,1b0452ce-a250-4771-91a4-a738e0938105,2018-05-16 17:54:16.804,superama,d615e34a-7afa-11e7-8dda-0242ac110005,Benito Juarez,20180516,0.0,19.36440086364746,-99.18949890136719,69.98999786376953,69.98999786376953,,Ciudad de México,https://www.superama.com.mx/catalogo/d-lavanderia-hogar-y-mascotas/f-mascotas/l-perros/premios-para-perro-smoochies-tiritas-sabor-tocino-170-g/0003810017517,03910
19,1b0452ce-a250-4771-91a4-a738e0938105,2018-05-16 17:43:09.808,superama,ca7a6808-7afa-11e7-8dda-0242ac110005,Álvaro Obregón,20180516,0.0,19.339500427246094,-99.21929931640625,69.98999786376953,69.98999786376953,,Ciudad de México,https://www.superama.com.mx/catalogo/d-lavanderia-hogar-y-mascotas/f-mascotas/l-perros/premios-para-perro-smoochies-tiritas-sabor-tocino-170-g/0003810017517,01780
20,1b0452ce-a250-4771-91a4-a738e0938105,2018-05-16 17:40:22.120,superama,cdbca35a-7afa-11e7-8dda-0242ac110005,Álvaro Obregón,20180516,0.0,19.318599700927734,-99.21189880371094,69.98999786376953,69.98999786376953,,Ciudad de México,https://www.superama.com.mx/catalogo/d-lavanderia-hogar-y-mascotas/f-mascotas/l-perros/premios-para-perro-smoochies-tiritas-sabor-tocino-170-g/0003810017517,01900
21,1b0452ce-a250-4771-91a4-a738e0938105,2018-05-16 17:20:23.360,walmart,280a91aa-7ace-11e7-9b9f-0242ac110003,Hermosillo,20180516,0.0,29.067800521850586,-110.96900177001953,68.0,68.0,2x$99.00,SONORA,https://super.walmart.com.mx/Mascotas/Premios-para-Perro-Smoochies-Tiritas-Sabor-Tocino-170-g/00003810017517,83289
22,1b0452ce-a250-4771-91a4-a738e0938105,2018-05-16 17:01:55.778,walmart,21aea60c-7ace-11e7-9b9f-0242ac110003,Tijuana,20180516,0.0,32.49700164794922,-116.83300018310547,68.0,68.0,2x$99.00,BAJA CALIFORNIA,https://super.walmart.com.mx/Mascotas/Premios-para-Perro-Smoochies-Tiritas-Sabor-Tocino-170-g/00003810017517,22235
23,1b0452ce-a250-4771-91a4-a738e0938105,2018-05-16 17:00:04.659,walmart,245c5926-7ace-11e7-9b9f-0242ac110003,Guadalupe,20180516,0.0,25.6653995513916,-100.24099731445312,68.0,68.0,2x$99.00,NUEVO LEON,https://super.walmart.com.mx/Mascotas/Premios-para-Perro-Smoochies-Tiritas-Sabor-Tocino-170-g/00003810017517,67170
24,1b0452ce-a250-4771-91a4-a738e0938105,2018-05-16 15:56:28.093,walmart,13e59c06-7ace-11e7-9b9f-0242ac110003,Colima,20180516,0.0,19.238399505615234,-103.71600341796875,68.0,68.0,2x$99.00,COLIMA,https://super.walmart.com.mx/Mascotas/Premios-para-Perro-Smoochies-Tiritas-Sabor-Tocino-170-g/00003810017517,28000
25,1b0452ce-a250-4771-91a4-a738e0938105,2018-05-16 15:48:22.504,walmart,2af6721c-7ace-11e7-9b9f-0242ac110003,Torreón Municipality,20180516,0.0,25.50749969482422,-103.39700317382812,68.0,68.0,2x$99.00,COAHUILA,https://super.walmart.com.mx/Mascotas/Premios-para-Perro-Smoochies-Tiritas-Sabor-Tocino-170-g/00003810017517,27295
26,1b0452ce-a250-4771-91a4-a738e0938105,2018-05-16 15:31:26.437,walmart,2e92b78c-7ace-11e7-9b9f-0242ac110003,Fortín,20180516,0.0,18.903400421142578,-96.95929718017578,68.0,68.0,2x$99.00,VERACRUZ,https://super.walmart.com.mx/Mascotas/Premios-para-Perro-Smoochies-Tiritas-Sabor-Tocino-170-g/00003810017517,94470
27,1b0452ce-a250-4771-91a4-a738e0938105,2018-05-16 15:24:29.064,walmart,2aa774b4-7ace-11e7-9b9f-0242ac110003,Tampico,20180516,0.0,22.27090072631836,-97.87310028076172,68.0,68.0,2x$99.00,TAMAULIPAS,https://super.walmart.com.mx/Mascotas/Premios-para-Perro-Smoochies-Tiritas-Sabor-Tocino-170-g/00003810017517,89100
28,1b0452ce-a250-4771-91a4-a738e0938105,2018-05-16 15:20:39.010,walmart,2b429e30-7ace-11e7-9b9f-0242ac110003,Guadalajara,20180516,0.0,20.628999710083008,-103.25700378417969,68.0,68.0,2x$99.00,JALISCO,https://super.walmart.com.mx/Mascotas/Premios-para-Perro-Smoochies-Tiritas-Sabor-Tocino-170-g/00003810017517,45418
29,1b0452ce-a250-4771-91a4-a738e0938105,2018-05-16 15:08:38.051,walmart,2b2bf360-7ace-11e7-9b9f-0242ac110003,Tonalá,20180516,0.0,20.63949966430664,-103.27400207519531,68.0,68.0,2x$99.00,JALISCO,https://super.walmart.com.mx/Mascotas/Premios-para-Perro-Smoochies-Tiritas-Sabor-Tocino-170-g/00003810017517,45403
30,1b0452ce-a250-4771-91a4-a738e0938105,2018-05-16 14:58:05.852,walmart,2872464c-7ace-11e7-9b9f-0242ac110003,Saltillo,20180516,0.0,25.42609977722168,-100.97100067138672,68.0,68.0,2x$99.00,COAHUILA,https://super.walmart.com.mx/Mascotas/Premios-para-Perro-Smoochies-Tiritas-Sabor-Tocino-170-g/00003810017517,25020
31,1b0452ce-a250-4771-91a4-a738e0938105,2018-05-16 14:53:20.575,walmart,29c33c54-7ace-11e7-9b9f-0242ac110003,Zapopan,20180516,0.0,20.64859962463379,-103.41999816894531,68.0,68.0,2x$99.00,JALISCO,https://super.walmart.com.mx/Mascotas/Premios-para-Perro-Smoochies-Tiritas-Sabor-Tocino-170-g/00003810017517,45050
32,1b0452ce-a250-4771-91a4-a738e0938105,2018-05-16 14:30:12.970,walmart,27c3d63e-7ace-11e7-9b9f-0242ac110003,Monterrey,20180516,0.0,25.702899932861328,-100.30899810791016,68.0,68.0,2x$99.00,NUEVO LEON,https://super.walmart.com.mx/Mascotas/Premios-para-Perro-Smoochies-Tiritas-Sabor-Tocino-170-g/00003810017517,64520
33,1b0452ce-a250-4771-91a4-a738e0938105,2018-05-16 14:28:59.288,walmart,297d368c-7ace-11e7-9b9f-0242ac110003,Zapopan,20180516,0.0,20.678199768066406,-103.43299865722656,68.0,68.0,2x$99.00,JALISCO,https://super.walmart.com.mx/Mascotas/Premios-para-Perro-Smoochies-Tiritas-Sabor-Tocino-170-g/00003810017517,45030
34,1b0452ce-a250-4771-91a4-a738e0938105,2018-05-16 14:21:29.668,walmart,27f33f50-7ace-11e7-9b9f-0242ac110003,Monterrey,20180516,0.0,25.6658992767334,-100.27899932861328,68.0,68.0,2x$99.00,NUEVO LEON,https://super.walmart.com.mx/Mascotas/Premios-para-Perro-Smoochies-Tiritas-Sabor-Tocino-170-g/00003810017517,64800
35,1b0452ce-a250-4771-91a4-a738e0938105,2018-05-16 14:12:15.283,walmart,277f1c24-7ace-11e7-9b9f-0242ac110003,León,20180516,0.0,21.09869956970215,-101.65799713134766,68.0,68.0,2x$99.00,GUANAJUATO,https://super.walmart.com.mx/Mascotas/Premios-para-Perro-Smoochies-Tiritas-Sabor-Tocino-170-g/00003810017517,37500
36,1b0452ce-a250-4771-91a4-a738e0938105,2018-05-16 14:04:06.792,walmart,28525f9e-7ace-11e7-9b9f-0242ac110003,Saltillo,20180516,0.0,25.45639991760254,-100.97799682617188,68.0,68.0,2x$99.00,COAHUILA,https://super.walmart.com.mx/Mascotas/Premios-para-Perro-Smoochies-Tiritas-Sabor-Tocino-170-g/00003810017517,25000
37,1b0452ce-a250-4771-91a4-a738e0938105,2018-05-16 13:54:09.288,walmart,283aeb0c-7ace-11e7-9b9f-0242ac110003,Hermosillo,20180516,0.0,29.097900390625,-110.99400329589844,68.0,68.0,2x$99.00,SONORA,https://super.walmart.com.mx/Mascotas/Premios-para-Perro-Smoochies-Tiritas-Sabor-Tocino-170-g/00003810017517,83170
38,1b0452ce-a250-4771-91a4-a738e0938105,2018-05-16 13:43:07.976,walmart,2956bcd2-7ace-11e7-9b9f-0242ac110003,San Nicolás de los Garza,20180516,0.0,25.722900390625,-100.22100067138672,68.0,68.0,2x$99.00,NUEVO LEON,https://super.walmart.com.mx/Mascotas/Premios-para-Perro-Smoochies-Tiritas-Sabor-Tocino-170-g/00003810017517,66470
39,1b0452ce-a250-4771-91a4-a738e0938105,2018-05-16 13:31:33.773,walmart,28a2b890-7ace-11e7-9b9f-0242ac110003,Guadalajara,20180516,0.0,20.58650016784668,-103.44499969482422,68.0,68.0,2x$99.00,JALISCO,https://super.walmart.com.mx/Mascotas/Premios-para-Perro-Smoochies-Tiritas-Sabor-Tocino-170-g/00003810017517,45600
40,1b0452ce-a250-4771-91a4-a738e0938105,2018-05-16 13:26:39.978,walmart,25ed8602-7ace-11e7-9b9f-0242ac110003,San Luis Potosí,20180516,0.0,22.138099670410156,-101.00199890136719,68.0,68.0,2x$99.00,SAN LUIS POTOSI,https://super.walmart.com.mx/Mascotas/Premios-para-Perro-Smoochies-Tiritas-Sabor-Tocino-170-g/00003810017517,78110
41,1b0452ce-a250-4771-91a4-a738e0938105,2018-05-16 13:09:32.232,walmart,24fa3452-7ace-11e7-9b9f-0242ac110003,Guadalupe,20180516,0.0,25.673200607299805,-100.2020034790039,68.0,68.0,2x$99.00,NUEVO LEON,https://super.walmart.com.mx/Mascotas/Premios-para-Perro-Smoochies-Tiritas-Sabor-Tocino-170-g/00003810017517,67198
42,1b0452ce-a250-4771-91a4-a738e0938105,2018-05-16 13:07:39.138,walmart,25790c64-7ace-11e7-9b9f-0242ac110003,Ecatepec,20180516,0.0,19.53179931640625,-99.02780151367188,68.0,68.0,2x$99.00,MEXICO,https://super.walmart.com.mx/Mascotas/Premios-para-Perro-Smoochies-Tiritas-Sabor-Tocino-170-g/00003810017517,55280
43,1b0452ce-a250-4771-91a4-a738e0938105,2018-05-16 12:46:16.801,walmart,26de097e-7ace-11e7-9b9f-0242ac110003,Puerto Vallarta,20180516,0.0,20.657100677490234,-105.23799896240234,68.0,68.0,2x$99.00,JALISCO,https://super.walmart.com.mx/Mascotas/Premios-para-Perro-Smoochies-Tiritas-Sabor-Tocino-170-g/00003810017517,48290
44,1b0452ce-a250-4771-91a4-a738e0938105,2018-05-16 12:24:40.279,walmart,2766ecda-7ace-11e7-9b9f-0242ac110003,León,20180516,0.0,21.146099090576172,-101.64900207519531,68.0,68.0,2x$99.00,GUANAJUATO,https://super.walmart.com.mx/Mascotas/Premios-para-Perro-Smoochies-Tiritas-Sabor-Tocino-170-g/00003810017517,37178
45,1b0452ce-a250-4771-91a4-a738e0938105,2018-05-16 12:09:31.960,walmart,2150cfe6-7ace-11e7-9b9f-0242ac110003,Zacatecas,20180516,0.0,22.76219940185547,-102.5510025024414,68.0,68.0,2x$99.00,ZACATECAS,https://super.walmart.com.mx/Mascotas/Premios-para-Perro-Smoochies-Tiritas-Sabor-Tocino-170-g/00003810017517,98064
46,1b0452ce-a250-4771-91a4-a738e0938105,2018-05-16 11:51:40.611,walmart,244023aa-7ace-11e7-9b9f-0242ac110003,Cuautitlán Izcalli,20180516,0.0,19.64539909362793,-99.1946029663086,68.0,68.0,2x$99.00,MEXICO,https://super.walmart.com.mx/Mascotas/Premios-para-Perro-Smoochies-Tiritas-Sabor-Tocino-170-g/00003810017517,54730
47,1b0452ce-a250-4771-91a4-a738e0938105,2018-05-16 11:43:29.051,walmart,216b15e0-7ace-11e7-9b9f-0242ac110003,Tijuana,20180516,0.0,32.49319839477539,-116.93099975585938,68.0,68.0,2x$99.00,BAJA CALIFORNIA,https://super.walmart.com.mx/Mascotas/Premios-para-Perro-Smoochies-Tiritas-Sabor-Tocino-170-g/00003810017517,22226
48,1b0452ce-a250-4771-91a4-a738e0938105,2018-05-16 11:34:30.885,walmart,25a731b6-7ace-11e7-9b9f-0242ac110003,Ecatepec,20180516,0.0,19.589599609375,-99.02020263671875,68.0,68.0,2x$99.00,MEXICO,https://super.walmart.com.mx/Mascotas/Premios-para-Perro-Smoochies-Tiritas-Sabor-Tocino-170-g/00003810017517,55459
49,1b0452ce-a250-4771-91a4-a738e0938105,2018-05-16 11:18:33.823,walmart,1d00029a-7ace-11e7-9b9f-0242ac110003,Culiacán,20180516,0.0,24.81410026550293,-107.41000366210938,68.0,68.0,2x$99.00,SINALOA,https://super.walmart.com.mx/Mascotas/Premios-para-Perro-Smoochies-Tiritas-Sabor-Tocino-170-g/00003810017517,80000
50,1b0452ce-a250-4771-91a4-a738e0938105,2018-05-16 11:13:13.753,walmart,1ce7b5b4-7ace-11e7-9b9f-0242ac110003,Culiacán,20180516,0.0,24.82509994506836,-107.37100219726562,68.0,68.0,2x$99.00,SINALOA,https://super.walmart.com.mx/Mascotas/Premios-para-Perro-Smoochies-Tiritas-Sabor-Tocino-170-g/00003810017517,80065
51,1b0452ce-a250-4771-91a4-a738e0938105,2018-05-16 11:00:04.508,walmart,1d1dda7c-7ace-11e7-9b9f-0242ac110003,Culiacán,20180516,0.0,24.778499603271484,-107.3949966430664,68.0,68.0,2x$99.00,SINALOA,https://super.walmart.com.mx/Mascotas/Premios-para-Perro-Smoochies-Tiritas-Sabor-Tocino-170-g/00003810017517,80227
52,1b0452ce-a250-4771-91a4-a738e0938105,2018-05-16 10:33:00.438,superama,f2e71fde-7afa-11e7-8dda-0242ac110005,Tlalnepantla de Baz,20180516,0.0,19.519800186157227,-99.24639892578125,69.98999786376953,69.98999786376953,,Estado de México,https://www.superama.com.mx/catalogo/d-lavanderia-hogar-y-mascotas/f-mascotas/l-perros/premios-para-perro-smoochies-tiritas-sabor-tocino-170-g/0003810017517,54080
53,1b0452ce-a250-4771-91a4-a738e0938105,2018-05-16 10:23:12.730,walmart,1854f516-7ace-11e7-9b9f-0242ac110003,Merida,20180516,0.0,21.03860092163086,-89.60250091552734,68.0,68.0,2x$99.00,YUCATAN,https://super.walmart.com.mx/Mascotas/Premios-para-Perro-Smoochies-Tiritas-Sabor-Tocino-170-g/00003810017517,97117
54,1b0452ce-a250-4771-91a4-a738e0938105,2018-05-16 10:15:12.146,walmart,2d15d254-7ace-11e7-9b9f-0242ac110003,Cuautitlán,20180516,0.0,19.676700592041016,-99.14839935302734,68.0,68.0,2x$99.00,MEXICO,https://super.walmart.com.mx/Mascotas/Premios-para-Perro-Smoochies-Tiritas-Sabor-Tocino-170-g/00003810017517,54850
55,1b0452ce-a250-4771-91a4-a738e0938105,2018-05-16 10:11:28.405,superama,f532ceb4-7afa-11e7-8dda-0242ac110005,Cuernavaca,20180516,0.0,18.936500549316406,-99.2468032836914,69.98999786376953,69.98999786376953,,Morelos,https://www.superama.com.mx/catalogo/d-lavanderia-hogar-y-mascotas/f-mascotas/l-perros/premios-para-perro-smoochies-tiritas-sabor-tocino-170-g/0003810017517,62170
56,1b0452ce-a250-4771-91a4-a738e0938105,2018-05-16 10:07:53.822,walmart,198d2322-7ace-11e7-9b9f-0242ac110003,Chihuahua,20180516,0.0,28.634199142456055,-106.11900329589844,68.0,68.0,2x$99.00,CHIHUAHUA,https://super.walmart.com.mx/Mascotas/Premios-para-Perro-Smoochies-Tiritas-Sabor-Tocino-170-g/00003810017517,31238
57,1b0452ce-a250-4771-91a4-a738e0938105,2018-05-16 10:06:23.894,superama,f4c9fd1c-7afa-11e7-8dda-0242ac110005,Morelia,20180516,0.0,19.691099166870117,-101.16000366210938,69.98999786376953,69.98999786376953,,Michoacán,https://www.superama.com.mx/catalogo/d-lavanderia-hogar-y-mascotas/f-mascotas/l-perros/premios-para-perro-smoochies-tiritas-sabor-tocino-170-g/0003810017517,58270
58,1b0452ce-a250-4771-91a4-a738e0938105,2018-05-16 09:42:01.415,walmart,2d62bd80-7ace-11e7-9b9f-0242ac110003,Ocoyoacac,20180516,0.0,19.28219985961914,-99.49710083007812,68.0,68.0,2x$99.00,MEXICO,https://super.walmart.com.mx/Mascotas/Premios-para-Perro-Smoochies-Tiritas-Sabor-Tocino-170-g/00003810017517,52006
59,1b0452ce-a250-4771-91a4-a738e0938105,2018-05-16 09:37:40.246,superama,f5f8aefe-7afa-11e7-8dda-0242ac110005,Cuernavaca,20180516,0.0,18.940099716186523,-99.21040344238281,69.98999786376953,69.98999786376953,,Morelos,https://www.superama.com.mx/catalogo/d-lavanderia-hogar-y-mascotas/f-mascotas/l-perros/premios-para-perro-smoochies-tiritas-sabor-tocino-170-g/0003810017517,62290
60,1b0452ce-a250-4771-91a4-a738e0938105,2018-05-16 09:36:51.031,walmart,2d4908e0-7ace-11e7-9b9f-0242ac110003,Texcoco,20180516,0.0,19.514799118041992,-98.86849975585938,68.0,68.0,2x$99.00,MEXICO,https://super.walmart.com.mx/Mascotas/Premios-para-Perro-Smoochies-Tiritas-Sabor-Tocino-170-g/00003810017517,56120
61,1b0452ce-a250-4771-91a4-a738e0938105,2018-05-16 09:25:45.603,superama,f420159a-7afa-11e7-8dda-0242ac110005,Tlalnepantla de Baz,20180516,0.0,19.52989959716797,-99.22039794921875,69.98999786376953,69.98999786376953,,Estado de México,https://www.superama.com.mx/catalogo/d-lavanderia-hogar-y-mascotas/f-mascotas/l-perros/premios-para-perro-smoochies-tiritas-sabor-tocino-170-g/0003810017517,54080
62,1b0452ce-a250-4771-91a4-a738e0938105,2018-05-16 09:16:25.559,superama,f5ba2dc8-7afa-11e7-8dda-0242ac110005,Cuernavaca,20180516,0.0,18.959199905395508,-99.22509765625,69.98999786376953,69.98999786376953,,Morelos,https://www.superama.com.mx/catalogo/d-lavanderia-hogar-y-mascotas/f-mascotas/l-perros/premios-para-perro-smoochies-tiritas-sabor-tocino-170-g/0003810017517,62270
63,1b0452ce-a250-4771-91a4-a738e0938105,2018-05-16 08:42:43.846,superama,f0d33f2a-7afa-11e7-8dda-0242ac110005,Naucalpan,20180516,0.0,19.497100830078125,-99.22630310058594,69.98999786376953,69.98999786376953,,Estado de México,https://www.superama.com.mx/catalogo/d-lavanderia-hogar-y-mascotas/f-mascotas/l-perros/premios-para-perro-smoochies-tiritas-sabor-tocino-170-g/0003810017517,53300
64,1b0452ce-a250-4771-91a4-a738e0938105,2018-05-16 08:30:05.056,superama,e7aa210c-7afa-11e7-8dda-0242ac110005,Guadalajara,20180516,0.0,20.694400787353516,-103.38400268554688,69.98999786376953,69.98999786376953,,Jalisco,https://www.superama.com.mx/catalogo/d-lavanderia-hogar-y-mascotas/f-mascotas/l-perros/premios-para-perro-smoochies-tiritas-sabor-tocino-170-g/0003810017517,44657
65,1b0452ce-a250-4771-91a4-a738e0938105,2018-05-16 08:27:15.432,superama,ec58ac8c-7afa-11e7-8dda-0242ac110005,Zapopan,20180516,0.0,20.73069953918457,-103.447998046875,69.98999786376953,69.98999786376953,,Jalisco,https://www.superama.com.mx/catalogo/d-lavanderia-hogar-y-mascotas/f-mascotas/l-perros/premios-para-perro-smoochies-tiritas-sabor-tocino-170-g/0003810017517,45136
66,1b0452ce-a250-4771-91a4-a738e0938105,2018-05-16 08:11:10.864,walmart,15d09c50-7ace-11e7-9b9f-0242ac110003,Coyoacán,20180516,0.0,19.344600677490234,-99.18240356445312,68.0,68.0,2x$99.00,DISTRITO FEDERAL,https://super.walmart.com.mx/Mascotas/Premios-para-Perro-Smoochies-Tiritas-Sabor-Tocino-170-g/00003810017517,01070
67,1b0452ce-a250-4771-91a4-a738e0938105,2018-05-16 08:05:26.763,walmart,15b66510-7ace-11e7-9b9f-0242ac110003,Gustavo A. Madero,20180516,0.0,19.479999542236328,-99.09480285644531,68.0,68.0,2x$99.00,DISTRITO FEDERAL,https://super.walmart.com.mx/Mascotas/Premios-para-Perro-Smoochies-Tiritas-Sabor-Tocino-170-g/00003810017517,07090
68,1b0452ce-a250-4771-91a4-a738e0938105,2018-05-16 07:49:35.756,walmart,14de8ef6-7ace-11e7-9b9f-0242ac110003,Álvaro Obregón,20180516,0.0,19.3533992767334,-99.21520233154297,68.0,68.0,2x$99.00,DISTRITO FEDERAL,https://super.walmart.com.mx/Mascotas/Premios-para-Perro-Smoochies-Tiritas-Sabor-Tocino-170-g/00003810017517,01710
69,1b0452ce-a250-4771-91a4-a738e0938105,2018-05-16 07:46:07.015,superama,e64dd13c-7afa-11e7-8dda-0242ac110005,León,20180516,0.0,21.154199600219727,-101.7030029296875,69.98999786376953,69.98999786376953,,Guanajuato,https://www.superama.com.mx/catalogo/d-lavanderia-hogar-y-mascotas/f-mascotas/l-perros/premios-para-perro-smoochies-tiritas-sabor-tocino-170-g/0003810017517,37160
70,1b0452ce-a250-4771-91a4-a738e0938105,2018-05-16 07:42:06.434,superama,e5a42358-7afa-11e7-8dda-0242ac110005,Tlalpan,20180516,0.0,19.293699264526367,-99.15750122070312,69.98999786376953,69.98999786376953,,Ciudad de México,https://www.superama.com.mx/catalogo/d-lavanderia-hogar-y-mascotas/f-mascotas/l-perros/premios-para-perro-smoochies-tiritas-sabor-tocino-170-g/0003810017517,14050
71,1b0452ce-a250-4771-91a4-a738e0938105,2018-05-16 07:36:58.538,superama,e6b5c828-7afa-11e7-8dda-0242ac110005,Acapulco,20180516,0.0,16.843399047851562,-99.9113998413086,69.98999786376953,69.98999786376953,,Guerrero,https://www.superama.com.mx/catalogo/d-lavanderia-hogar-y-mascotas/f-mascotas/l-perros/premios-para-perro-smoochies-tiritas-sabor-tocino-170-g/0003810017517,39390
72,1b0452ce-a250-4771-91a4-a738e0938105,2018-05-16 07:20:20.051,walmart,17128984-7ace-11e7-9b9f-0242ac110003,Cuauhtémoc,20180516,0.0,19.443300247192383,-99.15299987792969,68.0,68.0,2x$99.00,DISTRITO FEDERAL,https://super.walmart.com.mx/Mascotas/Premios-para-Perro-Smoochies-Tiritas-Sabor-Tocino-170-g/00003810017517,06300
73,1b0452ce-a250-4771-91a4-a738e0938105,2018-05-16 07:03:07.498,walmart,16faeaf4-7ace-11e7-9b9f-0242ac110003,Benito Juarez,20180516,0.0,19.36870002746582,-99.16410064697266,68.0,68.0,2x$99.00,DISTRITO FEDERAL,https://super.walmart.com.mx/Mascotas/Premios-para-Perro-Smoochies-Tiritas-Sabor-Tocino-170-g/00003810017517,03310
74,1b0452ce-a250-4771-91a4-a738e0938105,2018-05-16 06:52:38.916,superama,e499dd86-7afa-11e7-8dda-0242ac110005,Tlalpan,20180516,0.0,19.283000946044922,-99.17489624023438,69.98999786376953,69.98999786376953,,Ciudad de México,https://www.superama.com.mx/catalogo/d-lavanderia-hogar-y-mascotas/f-mascotas/l-perros/premios-para-perro-smoochies-tiritas-sabor-tocino-170-g/0003810017517,14000
75,1b0452ce-a250-4771-91a4-a738e0938105,2018-05-16 06:47:22.605,superama,e523e86e-7afa-11e7-8dda-0242ac110005,Álvaro Obregón,20180516,0.0,19.31060028076172,-99.21189880371094,69.98999786376953,69.98999786376953,,Ciudad de México,https://www.superama.com.mx/catalogo/d-lavanderia-hogar-y-mascotas/f-mascotas/l-perros/premios-para-perro-smoochies-tiritas-sabor-tocino-170-g/0003810017517,14210
76,1b0452ce-a250-4771-91a4-a738e0938105,2018-05-16 06:45:47.799,walmart,136ce64e-7ace-11e7-9b9f-0242ac110003,Aguascalientes,20180516,0.0,21.9242000579834,-102.2969970703125,68.0,68.0,2x$99.00,AGUASCALIENTES,https://super.walmart.com.mx/Mascotas/Premios-para-Perro-Smoochies-Tiritas-Sabor-Tocino-170-g/00003810017517,20120
77,1b0452ce-a250-4771-91a4-a738e0938105,2018-05-16 06:36:59.706,superama,df1f139e-7afa-11e7-8dda-0242ac110005,Magdalena Contreras,20180516,0.0,19.321199417114258,-99.22149658203125,69.98999786376953,69.98999786376953,,Ciudad de México,https://www.superama.com.mx/catalogo/d-lavanderia-hogar-y-mascotas/f-mascotas/l-perros/premios-para-perro-smoochies-tiritas-sabor-tocino-170-g/0003810017517,10200
78,1b0452ce-a250-4771-91a4-a738e0938105,2018-05-16 05:58:18.945,superama,e00112c6-7afa-11e7-8dda-0242ac110005,Miguel Hidalgo,20180516,0.0,19.416099548339844,-99.22630310058594,69.98999786376953,69.98999786376953,,Ciudad de México,https://www.superama.com.mx/catalogo/d-lavanderia-hogar-y-mascotas/f-mascotas/l-perros/premios-para-perro-smoochies-tiritas-sabor-tocino-170-g/0003810017517,11000
79,1b0452ce-a250-4771-91a4-a738e0938105,2018-05-16 05:50:22.707,superama,e0cbe91a-7afa-11e7-8dda-0242ac110005,Miguel Hidalgo,20180516,0.0,19.40679931640625,-99.2396011352539,69.98999786376953,69.98999786376953,,Ciudad de México,https://www.superama.com.mx/catalogo/d-lavanderia-hogar-y-mascotas/f-mascotas/l-perros/premios-para-perro-smoochies-tiritas-sabor-tocino-170-g/0003810017517,01170
80,1b0452ce-a250-4771-91a4-a738e0938105,2018-05-16 05:43:47.552,superama,e1486a1c-7afa-11e7-8dda-0242ac110005,Naucalpan,20180516,0.0,19.440099716186523,-99.20559692382812,69.98999786376953,69.98999786376953,,Ciudad de México,https://www.superama.com.mx/catalogo/d-lavanderia-hogar-y-mascotas/f-mascotas/l-perros/premios-para-perro-smoochies-tiritas-sabor-tocino-170-g/0003810017517,11520
81,1b0452ce-a250-4771-91a4-a738e0938105,2018-05-16 05:04:30.291,superama,e1ec4434-7afa-11e7-8dda-0242ac110005,Miguel Hidalgo,20180516,0.0,19.433900833129883,-99.19049835205078,69.98999786376953,69.98999786376953,,Ciudad de México,https://www.superama.com.mx/catalogo/d-lavanderia-hogar-y-mascotas/f-mascotas/l-perros/premios-para-perro-smoochies-tiritas-sabor-tocino-170-g/0003810017517,11570
82,1b0452ce-a250-4771-91a4-a738e0938105,2018-05-16 04:59:34.087,superama,e2bf0bda-7afa-11e7-8dda-0242ac110005,Miguel Hidalgo,20180516,0.0,19.435300827026367,-99.20939636230469,69.98999786376953,69.98999786376953,,Ciudad de México,https://www.superama.com.mx/catalogo/d-lavanderia-hogar-y-mascotas/f-mascotas/l-perros/premios-para-perro-smoochies-tiritas-sabor-tocino-170-g/0003810017517,11510
83,1b0452ce-a250-4771-91a4-a738e0938105,2018-05-16 04:49:42.815,superama,e2f09bbe-7afa-11e7-8dda-0242ac110005,Miguel Hidalgo,20180516,0.0,19.44070053100586,-99.18399810791016,69.98999786376953,69.98999786376953,,Ciudad de México,https://www.superama.com.mx/catalogo/d-lavanderia-hogar-y-mascotas/f-mascotas/l-perros/premios-para-perro-smoochies-tiritas-sabor-tocino-170-g/0003810017517,11520
84,1b0452ce-a250-4771-91a4-a738e0938105,2018-05-16 04:08:38.539,superama,e42cf270-7afa-11e7-8dda-0242ac110005,Tlalpan,20180516,0.0,19.30579948425293,-99.22100067138672,69.98999786376953,69.98999786376953,,Ciudad de México,https://www.superama.com.mx/catalogo/d-lavanderia-hogar-y-mascotas/f-mascotas/l-perros/premios-para-perro-smoochies-tiritas-sabor-tocino-170-g/0003810017517,14220
85,1b0452ce-a250-4771-91a4-a738e0938105,2018-05-16 04:07:07.717,superama,e3c1adee-7afa-11e7-8dda-0242ac110005,Tlalpan,20180516,0.0,19.297300338745117,-99.13510131835938,69.98999786376953,69.98999786376953,,Ciudad de México,https://www.superama.com.mx/catalogo/d-lavanderia-hogar-y-mascotas/f-mascotas/l-perros/premios-para-perro-smoochies-tiritas-sabor-tocino-170-g/0003810017517,14340
86,1b0452ce-a250-4771-91a4-a738e0938105,2018-05-16 03:52:21.807,superama,d9827674-7afa-11e7-8dda-0242ac110005,Ciudad de Mexico,20180516,0.0,19.31060028076172,-99.12480163574219,69.98999786376953,69.98999786376953,,Ciudad de México,https://www.superama.com.mx/catalogo/d-lavanderia-hogar-y-mascotas/f-mascotas/l-perros/premios-para-perro-smoochies-tiritas-sabor-tocino-170-g/0003810017517,04920
87,1b0452ce-a250-4771-91a4-a738e0938105,2018-05-16 03:32:04.071,chedraui,e0857624-7b09-11e7-855a-0242ac110005,Álvaro Obregón,20180516,0.0,19.359399795532227,-99.29340362548828,67.9000015258789,67.9000015258789,,Distrito Federal,https://www.chedraui.com.mx/Departamentos/Super/Mascotas/Perros/Alimentaci%C3%B3n-Seca/Smoochies-Tiritas-Toda-Edad-Todas-las-ra/p/000000000003417933,
88,1b0452ce-a250-4771-91a4-a738e0938105,2018-05-16 03:29:51.753,chedraui,e0857624-7b09-11e7-855a-0242ac110005,Álvaro Obregón,20180516,0.0,19.359399795532227,-99.29340362548828,67.9000015258789,67.9000015258789,,Distrito Federal,https://www.chedraui.com.mx/Departamentos/Super/Mascotas/Perros/Alimentaci%C3%B3n-Seca/Smoochies-Tiritas-Toda-Edad-Todas-las-ra/p/000000000003417933,
89,1b0452ce-a250-4771-91a4-a738e0938105,2018-05-16 03:21:32.510,chedraui,dfe68884-7b09-11e7-855a-0242ac110005,Álvaro Obregón,20180516,0.0,19.36870002746582,-99.2582015991211,67.9000015258789,67.9000015258789,,Distrito Federal,https://www.chedraui.com.mx/Departamentos/Super/Mascotas/Perros/Alimentaci%C3%B3n-Seca/Smoochies-Tiritas-Toda-Edad-Todas-las-ra/p/000000000003417933,
90,1b0452ce-a250-4771-91a4-a738e0938105,2018-05-16 03:20:54.208,chedraui,c7f3046e-7b09-11e7-855a-0242ac110005,Tuxtla Gutiérrez,20180516,0.0,16.77050018310547,-93.11160278320312,67.9000015258789,67.9000015258789,,Chiapas,https://www.chedraui.com.mx/Departamentos/Super/Mascotas/Perros/Alimentaci%C3%B3n-Seca/Smoochies-Tiritas-Toda-Edad-Todas-las-ra/p/000000000003417933,
91,1b0452ce-a250-4771-91a4-a738e0938105,2018-05-16 03:20:10.314,chedraui,dfe68884-7b09-11e7-855a-0242ac110005,Álvaro Obregón,20180516,0.0,19.36870002746582,-99.2582015991211,67.9000015258789,67.9000015258789,,Distrito Federal,https://www.chedraui.com.mx/Departamentos/Super/Mascotas/Perros/Alimentaci%C3%B3n-Seca/Smoochies-Tiritas-Toda-Edad-Todas-las-ra/p/000000000003417933,
92,1b0452ce-a250-4771-91a4-a738e0938105,2018-05-16 03:15:20.013,chedraui,c7f3046e-7b09-11e7-855a-0242ac110005,Tuxtla Gutiérrez,20180516,0.0,16.77050018310547,-93.11160278320312,67.9000015258789,67.9000015258789,,Chiapas,https://www.chedraui.com.mx/Departamentos/Super/Mascotas/Perros/Alimentaci%C3%B3n-Seca/Smoochies-Tiritas-Toda-Edad-Todas-las-ra/p/000000000003417933,
93,1b0452ce-a250-4771-91a4-a738e0938105,2018-05-16 03:12:48.248,chedraui,c37b9798-7b09-11e7-855a-0242ac110005,Tapachula,20180516,0.0,14.894499778747559,-92.2759017944336,67.9000015258789,67.9000015258789,,Chiapas,https://www.chedraui.com.mx/Departamentos/Super/Mascotas/Perros/Alimentaci%C3%B3n-Seca/Smoochies-Tiritas-Toda-Edad-Todas-las-ra/p/000000000003417933,
94,1b0452ce-a250-4771-91a4-a738e0938105,2018-05-16 03:10:03.520,chedraui,c37b9798-7b09-11e7-855a-0242ac110005,Tapachula,20180516,0.0,14.894499778747559,-92.2759017944336,67.9000015258789,67.9000015258789,,Chiapas,https://www.chedraui.com.mx/Departamentos/Super/Mascotas/Perros/Alimentaci%C3%B3n-Seca/Smoochies-Tiritas-Toda-Edad-Todas-las-ra/p/000000000003417933,
95,1b0452ce-a250-4771-91a4-a738e0938105,2018-05-16 03:05:46.733,chedraui,d0b2a096-7b09-11e7-855a-0242ac110005,Villaflores,20180516,0.0,16.224899291992188,-93.2759017944336,67.9000015258789,67.9000015258789,,Chiapas,https://www.chedraui.com.mx/Departamentos/Super/Mascotas/Perros/Alimentaci%C3%B3n-Seca/Smoochies-Tiritas-Toda-Edad-Todas-las-ra/p/000000000003417933,
96,1b0452ce-a250-4771-91a4-a738e0938105,2018-05-16 03:04:27.313,chedraui,e06ed1bc-7b09-11e7-855a-0242ac110005,Álvaro Obregón,20180516,0.0,19.336200714111328,-99.15840148925781,67.9000015258789,67.9000015258789,,Distrito Federal,https://www.chedraui.com.mx/Departamentos/Super/Mascotas/Perros/Alimentaci%C3%B3n-Seca/Smoochies-Tiritas-Toda-Edad-Todas-las-ra/p/000000000003417933,
97,1b0452ce-a250-4771-91a4-a738e0938105,2018-05-16 03:02:55.403,chedraui,d0b2a096-7b09-11e7-855a-0242ac110005,Villaflores,20180516,0.0,16.224899291992188,-93.2759017944336,67.9000015258789,67.9000015258789,,Chiapas,https://www.chedraui.com.mx/Departamentos/Super/Mascotas/Perros/Alimentaci%C3%B3n-Seca/Smoochies-Tiritas-Toda-Edad-Todas-las-ra/p/000000000003417933,
98,1b0452ce-a250-4771-91a4-a738e0938105,2018-05-16 03:01:31.262,chedraui,e06ed1bc-7b09-11e7-855a-0242ac110005,Álvaro Obregón,20180516,0.0,19.336200714111328,-99.15840148925781,67.9000015258789,67.9000015258789,,Distrito Federal,https://www.chedraui.com.mx/Departamentos/Super/Mascotas/Perros/Alimentaci%C3%B3n-Seca/Smoochies-Tiritas-Toda-Edad-Todas-las-ra/p/000000000003417933,
99,1b0452ce-a250-4771-91a4-a738e0938105,2018-05-16 02:58:26.562,chedraui,c7ddb9ba-7b09-11e7-855a-0242ac110005,Tuxtla Gutierrez,20180516,0.0,16.753400802612305,-93.14959716796875,67.9000015258789,67.9000015258789,,Chiapas,https://www.chedraui.com.mx/Departamentos/Super/Mascotas/Perros/Alimentaci%C3%B3n-Seca/Smoochies-Tiritas-Toda-Edad-Todas-las-ra/p/000000000003417933,
100,1b0452ce-a250-4771-91a4-a738e0938105,2018-05-16 02:57:27.078,superama,dd725cd6-7afa-11e7-8dda-0242ac110005,Gustavo A. Madero,20180516,0.0,19.490299224853516,-99.13400268554688,69.98999786376953,69.98999786376953,,Ciudad de México,https://www.superama.com.mx/catalogo/d-lavanderia-hogar-y-mascotas/f-mascotas/l-perros/premios-para-perro-smoochies-tiritas-sabor-tocino-170-g/0003810017517,07300
101,1b0452ce-a250-4771-91a4-a738e0938105,2018-05-16 02:55:36.359,chedraui,c7ddb9ba-7b09-11e7-855a-0242ac110005,Tuxtla Gutierrez,20180516,0.0,16.753400802612305,-93.14959716796875,67.9000015258789,67.9000015258789,,Chiapas,https://www.chedraui.com.mx/Departamentos/Super/Mascotas/Perros/Alimentaci%C3%B3n-Seca/Smoochies-Tiritas-Toda-Edad-Todas-las-ra/p/000000000003417933,
102,1b0452ce-a250-4771-91a4-a738e0938105,2018-05-16 02:51:11.699,chedraui,65866a88-7b08-11e7-855a-0242ac110005,Aguascalientes,20180516,0.0,21.854999542236328,-102.29399871826172,67.9000015258789,67.9000015258789,,Aguascalientes,https://www.chedraui.com.mx/Departamentos/Super/Mascotas/Perros/Alimentaci%C3%B3n-Seca/Smoochies-Tiritas-Toda-Edad-Todas-las-ra/p/000000000003417933,20230
103,1b0452ce-a250-4771-91a4-a738e0938105,2018-05-16 02:51:10.057,chedraui,65866a88-7b08-11e7-855a-0242ac110005,Aguascalientes,20180516,0.0,21.854999542236328,-102.29399871826172,67.9000015258789,67.9000015258789,,Aguascalientes,https://www.chedraui.com.mx/Departamentos/Super/Mascotas/Perros/Alimentaci%C3%B3n-Seca/Smoochies-Tiritas-Toda-Edad-Todas-las-ra/p/000000000003417933,20230
104,1b0452ce-a250-4771-91a4-a738e0938105,2018-05-16 02:46:58.136,chedraui,7af17648-e218-11e7-adf1-0242ac110004,Comalcalco,20180516,0.0,18.26729965209961,-93.21820068359375,67.9000015258789,67.9000015258789,,Tabasco,https://www.chedraui.com.mx/Departamentos/Super/Mascotas/Perros/Alimentaci%C3%B3n-Seca/Smoochies-Tiritas-Toda-Edad-Todas-las-ra/p/000000000003417933,86300
105,1b0452ce-a250-4771-91a4-a738e0938105,2018-05-16 02:45:28.237,chedraui,7af17648-e218-11e7-adf1-0242ac110004,Comalcalco,20180516,0.0,18.26729965209961,-93.21820068359375,67.9000015258789,67.9000015258789,,Tabasco,https://www.chedraui.com.mx/Departamentos/Super/Mascotas/Perros/Alimentaci%C3%B3n-Seca/Smoochies-Tiritas-Toda-Edad-Todas-las-ra/p/000000000003417933,86300
106,1b0452ce-a250-4771-91a4-a738e0938105,2018-05-16 02:42:42.208,chedraui,93aab260-7b09-11e7-855a-0242ac110005,Palenque,20180516,0.0,17.512500762939453,-91.99089813232422,67.9000015258789,67.9000015258789,,Chiapas,https://www.chedraui.com.mx/Departamentos/Super/Mascotas/Perros/Alimentaci%C3%B3n-Seca/Smoochies-Tiritas-Toda-Edad-Todas-las-ra/p/000000000003417933,
107,1b0452ce-a250-4771-91a4-a738e0938105,2018-05-16 02:42:14.219,chedraui,93aab260-7b09-11e7-855a-0242ac110005,Palenque,20180516,0.0,17.512500762939453,-91.99089813232422,67.9000015258789,67.9000015258789,,Chiapas,https://www.chedraui.com.mx/Departamentos/Super/Mascotas/Perros/Alimentaci%C3%B3n-Seca/Smoochies-Tiritas-Toda-Edad-Todas-las-ra/p/000000000003417933,
108,1b0452ce-a250-4771-91a4-a738e0938105,2018-05-16 02:39:07.947,chedraui,e4a0cfba-7b09-11e7-855a-0242ac110005,Azcapotzalco,20180516,0.0,19.454599380493164,-99.21880340576172,67.9000015258789,67.9000015258789,,Distrito Federal,https://www.chedraui.com.mx/Departamentos/Super/Mascotas/Perros/Alimentaci%C3%B3n-Seca/Smoochies-Tiritas-Toda-Edad-Todas-las-ra/p/000000000003417933,
109,1b0452ce-a250-4771-91a4-a738e0938105,2018-05-16 02:36:26.615,chedraui,e4a0cfba-7b09-11e7-855a-0242ac110005,Azcapotzalco,20180516,0.0,19.454599380493164,-99.21880340576172,67.9000015258789,67.9000015258789,,Distrito Federal,https://www.chedraui.com.mx/Departamentos/Super/Mascotas/Perros/Alimentaci%C3%B3n-Seca/Smoochies-Tiritas-Toda-Edad-Todas-las-ra/p/000000000003417933,
110,1b0452ce-a250-4771-91a4-a738e0938105,2018-05-16 02:31:15.826,chedraui,b78ec13a-7b09-11e7-855a-0242ac110005,San Cristóbal de las Casas,20180516,0.0,16.734399795532227,-92.65249633789062,67.9000015258789,67.9000015258789,,Chiapas,https://www.chedraui.com.mx/Departamentos/Super/Mascotas/Perros/Alimentaci%C3%B3n-Seca/Smoochies-Tiritas-Toda-Edad-Todas-las-ra/p/000000000003417933,
111,1b0452ce-a250-4771-91a4-a738e0938105,2018-05-16 02:31:04.730,superama,dceaee0e-7afa-11e7-8dda-0242ac110005,Cuauhtémoc,20180516,0.0,19.433799743652344,-99.16790008544922,69.98999786376953,69.98999786376953,,Ciudad de México,https://www.superama.com.mx/catalogo/d-lavanderia-hogar-y-mascotas/f-mascotas/l-perros/premios-para-perro-smoochies-tiritas-sabor-tocino-170-g/0003810017517,06500
112,1b0452ce-a250-4771-91a4-a738e0938105,2018-05-16 02:29:42.906,chedraui,b78ec13a-7b09-11e7-855a-0242ac110005,San Cristóbal de las Casas,20180516,0.0,16.734399795532227,-92.65249633789062,67.9000015258789,67.9000015258789,,Chiapas,https://www.chedraui.com.mx/Departamentos/Super/Mascotas/Perros/Alimentaci%C3%B3n-Seca/Smoochies-Tiritas-Toda-Edad-Todas-las-ra/p/000000000003417933,
113,1b0452ce-a250-4771-91a4-a738e0938105,2018-05-16 02:25:25.930,chedraui,a138d69c-7b08-11e7-855a-0242ac110005,La Paz,20180516,0.0,24.149999618530273,-110.30699920654297,67.9000015258789,67.9000015258789,,Baja California Sur,https://www.chedraui.com.mx/Departamentos/Super/Mascotas/Perros/Alimentaci%C3%B3n-Seca/Smoochies-Tiritas-Toda-Edad-Todas-las-ra/p/000000000003417933,
114,1b0452ce-a250-4771-91a4-a738e0938105,2018-05-16 02:23:21.295,chedraui,a138d69c-7b08-11e7-855a-0242ac110005,La Paz,20180516,0.0,24.149999618530273,-110.30699920654297,67.9000015258789,67.9000015258789,,Baja California Sur,https://www.chedraui.com.mx/Departamentos/Super/Mascotas/Perros/Alimentaci%C3%B3n-Seca/Smoochies-Tiritas-Toda-Edad-Todas-las-ra/p/000000000003417933,
115,1b0452ce-a250-4771-91a4-a738e0938105,2018-05-16 02:21:35.455,chedraui,6da5c8ae-e218-11e7-94d4-0242ac110003,Villahermosa,20180516,0.0,17.975000381469727,-92.96330261230469,67.9000015258789,67.9000015258789,,Tabasco,https://www.chedraui.com.mx/Departamentos/Super/Mascotas/Perros/Alimentaci%C3%B3n-Seca/Smoochies-Tiritas-Toda-Edad-Todas-las-ra/p/000000000003417933,86150
116,1b0452ce-a250-4771-91a4-a738e0938105,2018-05-16 02:21:30.482,chedraui,6da5c8ae-e218-11e7-94d4-0242ac110003,Villahermosa,20180516,0.0,17.975000381469727,-92.96330261230469,67.9000015258789,67.9000015258789,,Tabasco,https://www.chedraui.com.mx/Departamentos/Super/Mascotas/Perros/Alimentaci%C3%B3n-Seca/Smoochies-Tiritas-Toda-Edad-Todas-las-ra/p/000000000003417933,86150
117,1b0452ce-a250-4771-91a4-a738e0938105,2018-05-16 02:19:12.440,chedraui,c2489970-7b09-11e7-855a-0242ac110005,Suchiate,20180516,0.0,14.68239974975586,-92.14849853515625,67.9000015258789,67.9000015258789,,Chiapas,https://www.chedraui.com.mx/Departamentos/Super/Mascotas/Perros/Alimentaci%C3%B3n-Seca/Smoochies-Tiritas-Toda-Edad-Todas-las-ra/p/000000000003417933,
118,1b0452ce-a250-4771-91a4-a738e0938105,2018-05-16 02:18:28.603,superama,dac9852c-7afa-11e7-8dda-0242ac110005,Huixquilucan,20180516,0.0,19.387500762939453,-99.247802734375,69.98999786376953,69.98999786376953,,Ciudad de México,https://www.superama.com.mx/catalogo/d-lavanderia-hogar-y-mascotas/f-mascotas/l-perros/premios-para-perro-smoochies-tiritas-sabor-tocino-170-g/0003810017517,05120
119,1b0452ce-a250-4771-91a4-a738e0938105,2018-05-16 02:16:30.304,chedraui,e0455a4e-7b09-11e7-855a-0242ac110005,Álvaro Obregón,20180516,0.0,19.299299240112305,-99.2125015258789,67.9000015258789,67.9000015258789,,Distrito Federal,https://www.chedraui.com.mx/Departamentos/Super/Mascotas/Perros/Alimentaci%C3%B3n-Seca/Smoochies-Tiritas-Toda-Edad-Todas-las-ra/p/000000000003417933,
120,1b0452ce-a250-4771-91a4-a738e0938105,2018-05-16 02:09:44.520,chedraui,e0455a4e-7b09-11e7-855a-0242ac110005,Álvaro Obregón,20180516,0.0,19.299299240112305,-99.2125015258789,67.9000015258789,67.9000015258789,,Distrito Federal,https://www.chedraui.com.mx/Departamentos/Super/Mascotas/Perros/Alimentaci%C3%B3n-Seca/Smoochies-Tiritas-Toda-Edad-Todas-las-ra/p/000000000003417933,
121,1b0452ce-a250-4771-91a4-a738e0938105,2018-05-16 02:09:00.363,chedraui,c2489970-7b09-11e7-855a-0242ac110005,Suchiate,20180516,0.0,14.68239974975586,-92.14849853515625,67.9000015258789,67.9000015258789,,Chiapas,https://www.chedraui.com.mx/Departamentos/Super/Mascotas/Perros/Alimentaci%C3%B3n-Seca/Smoochies-Tiritas-Toda-Edad-Todas-las-ra/p/000000000003417933,
122,1b0452ce-a250-4771-91a4-a738e0938105,2018-05-16 02:08:54.816,chedraui,6d8c84c0-e218-11e7-94d4-0242ac110003,Macuspana,20180516,0.0,17.762699127197266,-92.5884017944336,67.9000015258789,67.9000015258789,,Tabasco,https://www.chedraui.com.mx/Departamentos/Super/Mascotas/Perros/Alimentaci%C3%B3n-Seca/Smoochies-Tiritas-Toda-Edad-Todas-las-ra/p/000000000003417933,86706
123,1b0452ce-a250-4771-91a4-a738e0938105,2018-05-16 02:04:22.558,chedraui,6d8c84c0-e218-11e7-94d4-0242ac110003,Macuspana,20180516,0.0,17.762699127197266,-92.5884017944336,67.9000015258789,67.9000015258789,,Tabasco,https://www.chedraui.com.mx/Departamentos/Super/Mascotas/Perros/Alimentaci%C3%B3n-Seca/Smoochies-Tiritas-Toda-Edad-Todas-las-ra/p/000000000003417933,86706
124,1b0452ce-a250-4771-91a4-a738e0938105,2018-05-16 02:02:05.765,chedraui,efb8efc2-7b09-11e7-855a-0242ac110005,Cuauhtémoc,20180516,0.0,19.435400009155273,-99.11009979248047,67.9000015258789,67.9000015258789,,Distrito Federal,https://www.chedraui.com.mx/Departamentos/Super/Mascotas/Perros/Alimentaci%C3%B3n-Seca/Smoochies-Tiritas-Toda-Edad-Todas-las-ra/p/000000000003417933,
125,1b0452ce-a250-4771-91a4-a738e0938105,2018-05-16 02:00:57.075,chedraui,efb8efc2-7b09-11e7-855a-0242ac110005,Cuauhtémoc,20180516,0.0,19.435400009155273,-99.11009979248047,67.9000015258789,67.9000015258789,,Distrito Federal,https://www.chedraui.com.mx/Departamentos/Super/Mascotas/Perros/Alimentaci%C3%B3n-Seca/Smoochies-Tiritas-Toda-Edad-Todas-las-ra/p/000000000003417933,
126,1b0452ce-a250-4771-91a4-a738e0938105,2018-05-16 01:53:54.557,chedraui,c0571b9c-7b08-11e7-855a-0242ac110005,Carmen,20180516,0.0,18.65690040588379,-91.79129791259766,67.9000015258789,67.9000015258789,,Campeche,https://www.chedraui.com.mx/Departamentos/Super/Mascotas/Perros/Alimentaci%C3%B3n-Seca/Smoochies-Tiritas-Toda-Edad-Todas-las-ra/p/000000000003417933,
127,1b0452ce-a250-4771-91a4-a738e0938105,2018-05-16 01:53:41.061,chedraui,33586038-7b09-11e7-855a-0242ac110005,Chiapa de Corzo,20180516,0.0,16.713300704956055,-93.0166015625,67.9000015258789,67.9000015258789,,Chiapas,https://www.chedraui.com.mx/Departamentos/Super/Mascotas/Perros/Alimentaci%C3%B3n-Seca/Smoochies-Tiritas-Toda-Edad-Todas-las-ra/p/000000000003417933,
128,1b0452ce-a250-4771-91a4-a738e0938105,2018-05-16 01:53:18.934,chedraui,33586038-7b09-11e7-855a-0242ac110005,Chiapa de Corzo,20180516,0.0,16.713300704956055,-93.0166015625,67.9000015258789,67.9000015258789,,Chiapas,https://www.chedraui.com.mx/Departamentos/Super/Mascotas/Perros/Alimentaci%C3%B3n-Seca/Smoochies-Tiritas-Toda-Edad-Todas-las-ra/p/000000000003417933,
129,1b0452ce-a250-4771-91a4-a738e0938105,2018-05-16 01:52:03.865,chedraui,c0571b9c-7b08-11e7-855a-0242ac110005,Carmen,20180516,0.0,18.65690040588379,-91.79129791259766,67.9000015258789,67.9000015258789,,Campeche,https://www.chedraui.com.mx/Departamentos/Super/Mascotas/Perros/Alimentaci%C3%B3n-Seca/Smoochies-Tiritas-Toda-Edad-Todas-las-ra/p/000000000003417933,
130,1b0452ce-a250-4771-91a4-a738e0938105,2018-05-16 01:45:16.530,chedraui,ba0c66de-7b08-11e7-855a-0242ac110005,Campeche,20180516,0.0,19.8439998626709,-90.52429962158203,67.9000015258789,67.9000015258789,,Campeche,https://www.chedraui.com.mx/Departamentos/Super/Mascotas/Perros/Alimentaci%C3%B3n-Seca/Smoochies-Tiritas-Toda-Edad-Todas-las-ra/p/000000000003417933,
131,1b0452ce-a250-4771-91a4-a738e0938105,2018-05-16 01:43:52.459,chedraui,ba0c66de-7b08-11e7-855a-0242ac110005,Campeche,20180516,0.0,19.8439998626709,-90.52429962158203,67.9000015258789,67.9000015258789,,Campeche,https://www.chedraui.com.mx/Departamentos/Super/Mascotas/Perros/Alimentaci%C3%B3n-Seca/Smoochies-Tiritas-Toda-Edad-Todas-las-ra/p/000000000003417933,
132,1b0452ce-a250-4771-91a4-a738e0938105,2018-05-16 01:42:16.925,chedraui,c03a0200-7b08-11e7-855a-0242ac110005,Carmen,20180516,0.0,18.64240074157715,-91.82129669189453,67.9000015258789,67.9000015258789,,Campeche,https://www.chedraui.com.mx/Departamentos/Super/Mascotas/Perros/Alimentaci%C3%B3n-Seca/Smoochies-Tiritas-Toda-Edad-Todas-las-ra/p/000000000003417933,
133,1b0452ce-a250-4771-91a4-a738e0938105,2018-05-16 01:40:41.416,chedraui,c03a0200-7b08-11e7-855a-0242ac110005,Carmen,20180516,0.0,18.64240074157715,-91.82129669189453,67.9000015258789,67.9000015258789,,Campeche,https://www.chedraui.com.mx/Departamentos/Super/Mascotas/Perros/Alimentaci%C3%B3n-Seca/Smoochies-Tiritas-Toda-Edad-Todas-las-ra/p/000000000003417933,
134,1b0452ce-a250-4771-91a4-a738e0938105,2018-05-16 01:32:22.257,chedraui,c3ac6f54-7b08-11e7-855a-0242ac110005,Champotón,20180516,0.0,19.342300415039062,-90.7261962890625,67.9000015258789,67.9000015258789,,Campeche,https://www.chedraui.com.mx/Departamentos/Super/Mascotas/Perros/Alimentaci%C3%B3n-Seca/Smoochies-Tiritas-Toda-Edad-Todas-las-ra/p/000000000003417933,
135,1b0452ce-a250-4771-91a4-a738e0938105,2018-05-16 01:32:09.008,chedraui,c3ac6f54-7b08-11e7-855a-0242ac110005,Champotón,20180516,0.0,19.342300415039062,-90.7261962890625,67.9000015258789,67.9000015258789,,Campeche,https://www.chedraui.com.mx/Departamentos/Super/Mascotas/Perros/Alimentaci%C3%B3n-Seca/Smoochies-Tiritas-Toda-Edad-Todas-las-ra/p/000000000003417933,
136,1b0452ce-a250-4771-91a4-a738e0938105,2018-05-16 01:27:25.890,chedraui,a784d01e-7b08-11e7-855a-0242ac110005,Los Cabos,20180516,0.0,23.096500396728516,-109.70999908447266,67.9000015258789,67.9000015258789,,Baja California Sur,https://www.chedraui.com.mx/Departamentos/Super/Mascotas/Perros/Alimentaci%C3%B3n-Seca/Smoochies-Tiritas-Toda-Edad-Todas-las-ra/p/000000000003417933,
137,1b0452ce-a250-4771-91a4-a738e0938105,2018-05-16 01:24:07.334,chedraui,eabee8f0-7b09-11e7-855a-0242ac110005,Coyoacán,20180516,0.0,19.304000854492188,-99.11869812011719,67.9000015258789,67.9000015258789,,Distrito Federal,https://www.chedraui.com.mx/Departamentos/Super/Mascotas/Perros/Alimentaci%C3%B3n-Seca/Smoochies-Tiritas-Toda-Edad-Todas-las-ra/p/000000000003417933,
138,1b0452ce-a250-4771-91a4-a738e0938105,2018-05-16 01:23:32.469,chedraui,eabee8f0-7b09-11e7-855a-0242ac110005,Coyoacán,20180516,0.0,19.304000854492188,-99.11869812011719,67.9000015258789,67.9000015258789,,Distrito Federal,https://www.chedraui.com.mx/Departamentos/Super/Mascotas/Perros/Alimentaci%C3%B3n-Seca/Smoochies-Tiritas-Toda-Edad-Todas-las-ra/p/000000000003417933,
139,1b0452ce-a250-4771-91a4-a738e0938105,2018-05-16 01:21:44.968,chedraui,a784d01e-7b08-11e7-855a-0242ac110005,Los Cabos,20180516,0.0,23.096500396728516,-109.70999908447266,67.9000015258789,67.9000015258789,,Baja California Sur,https://www.chedraui.com.mx/Departamentos/Super/Mascotas/Perros/Alimentaci%C3%B3n-Seca/Smoochies-Tiritas-Toda-Edad-Todas-las-ra/p/000000000003417933,
140,1b0452ce-a250-4771-91a4-a738e0938105,2018-05-16 01:15:02.782,superama,d897741c-7afa-11e7-8dda-0242ac110005,Ciudad de Mexico,20180516,0.0,19.344499588012695,-99.15619659423828,69.98999786376953,69.98999786376953,,Ciudad de México,https://www.superama.com.mx/catalogo/d-lavanderia-hogar-y-mascotas/f-mascotas/l-perros/premios-para-perro-smoochies-tiritas-sabor-tocino-170-g/0003810017517,04000
141,1b0452ce-a250-4771-91a4-a738e0938105,2018-05-16 01:10:20.900,chedraui,ba21a184-7b08-11e7-855a-0242ac110005,Campeche,20180516,0.0,19.849199295043945,-90.49500274658203,67.9000015258789,67.9000015258789,,Campeche,https://www.chedraui.com.mx/Departamentos/Super/Mascotas/Perros/Alimentaci%C3%B3n-Seca/Smoochies-Tiritas-Toda-Edad-Todas-las-ra/p/000000000003417933,
142,1b0452ce-a250-4771-91a4-a738e0938105,2018-05-16 01:09:09.572,chedraui,f5c75da4-7b09-11e7-855a-0242ac110005,Iztacalco,20180516,0.0,19.39459991455078,-99.07450103759766,67.9000015258789,67.9000015258789,,Distrito Federal,https://www.chedraui.com.mx/Departamentos/Super/Mascotas/Perros/Alimentaci%C3%B3n-Seca/Smoochies-Tiritas-Toda-Edad-Todas-las-ra/p/000000000003417933,
143,1b0452ce-a250-4771-91a4-a738e0938105,2018-05-16 01:05:41.233,chedraui,f5c75da4-7b09-11e7-855a-0242ac110005,Iztacalco,20180516,0.0,19.39459991455078,-99.07450103759766,67.9000015258789,67.9000015258789,,Distrito Federal,https://www.chedraui.com.mx/Departamentos/Super/Mascotas/Perros/Alimentaci%C3%B3n-Seca/Smoochies-Tiritas-Toda-Edad-Todas-las-ra/p/000000000003417933,
144,1b0452ce-a250-4771-91a4-a738e0938105,2018-05-16 01:04:22.165,chedraui,ba21a184-7b08-11e7-855a-0242ac110005,Campeche,20180516,0.0,19.849199295043945,-90.49500274658203,67.9000015258789,67.9000015258789,,Campeche,https://www.chedraui.com.mx/Departamentos/Super/Mascotas/Perros/Alimentaci%C3%B3n-Seca/Smoochies-Tiritas-Toda-Edad-Todas-las-ra/p/000000000003417933,
145,1b0452ce-a250-4771-91a4-a738e0938105,2018-05-16 01:03:48.953,chedraui,80bdc068-e218-11e7-adf1-0242ac110004,Pánuco,20180516,0.0,22.059200286865234,-98.1854019165039,67.9000015258789,67.9000015258789,,Veracruz,https://www.chedraui.com.mx/Departamentos/Super/Mascotas/Perros/Alimentaci%C3%B3n-Seca/Smoochies-Tiritas-Toda-Edad-Todas-las-ra/p/000000000003417933,93990
146,1b0452ce-a250-4771-91a4-a738e0938105,2018-05-16 01:02:17.654,chedraui,80bdc068-e218-11e7-adf1-0242ac110004,Pánuco,20180516,0.0,22.059200286865234,-98.1854019165039,67.9000015258789,67.9000015258789,,Veracruz,https://www.chedraui.com.mx/Departamentos/Super/Mascotas/Perros/Alimentaci%C3%B3n-Seca/Smoochies-Tiritas-Toda-Edad-Todas-las-ra/p/000000000003417933,93990
147,1b0452ce-a250-4771-91a4-a738e0938105,2018-05-16 00:58:19.611,chedraui,f2b86a4a-7b09-11e7-855a-0242ac110005,Gustavo A. Madero,20180516,0.0,19.486400604248047,-99.09320068359375,67.9000015258789,67.9000015258789,,Distrito Federal,https://www.chedraui.com.mx/Departamentos/Super/Mascotas/Perros/Alimentaci%C3%B3n-Seca/Smoochies-Tiritas-Toda-Edad-Todas-las-ra/p/000000000003417933,
148,1b0452ce-a250-4771-91a4-a738e0938105,2018-05-16 00:55:21.721,chedraui,f2b86a4a-7b09-11e7-855a-0242ac110005,Gustavo A. Madero,20180516,0.0,19.486400604248047,-99.09320068359375,67.9000015258789,67.9000015258789,,Distrito Federal,https://www.chedraui.com.mx/Departamentos/Super/Mascotas/Perros/Alimentaci%C3%B3n-Seca/Smoochies-Tiritas-Toda-Edad-Todas-las-ra/p/000000000003417933,
149,1b0452ce-a250-4771-91a4-a738e0938105,2018-05-16 00:51:23.685,chedraui,f5b1f0a4-7b09-11e7-855a-0242ac110005,Iztacalco,20180516,0.0,19.383800506591797,-99.08290100097656,67.9000015258789,67.9000015258789,,Distrito Federal,https://www.chedraui.com.mx/Departamentos/Super/Mascotas/Perros/Alimentaci%C3%B3n-Seca/Smoochies-Tiritas-Toda-Edad-Todas-las-ra/p/000000000003417933,
150,1b0452ce-a250-4771-91a4-a738e0938105,2018-05-16 00:48:31.874,chedraui,c7127bac-7b08-11e7-855a-0242ac110005,Escárcega,20180516,0.0,18.60460090637207,-90.73049926757812,67.9000015258789,67.9000015258789,,Campeche,https://www.chedraui.com.mx/Departamentos/Super/Mascotas/Perros/Alimentaci%C3%B3n-Seca/Smoochies-Tiritas-Toda-Edad-Todas-las-ra/p/000000000003417933,
151,1b0452ce-a250-4771-91a4-a738e0938105,2018-05-16 00:47:45.478,chedraui,c7127bac-7b08-11e7-855a-0242ac110005,Escárcega,20180516,0.0,18.60460090637207,-90.73049926757812,67.9000015258789,67.9000015258789,,Campeche,https://www.chedraui.com.mx/Departamentos/Super/Mascotas/Perros/Alimentaci%C3%B3n-Seca/Smoochies-Tiritas-Toda-Edad-Todas-las-ra/p/000000000003417933,
152,1b0452ce-a250-4771-91a4-a738e0938105,2018-05-16 00:47:25.717,chedraui,f5b1f0a4-7b09-11e7-855a-0242ac110005,Iztacalco,20180516,0.0,19.383800506591797,-99.08290100097656,67.9000015258789,67.9000015258789,,Distrito Federal,https://www.chedraui.com.mx/Departamentos/Super/Mascotas/Perros/Alimentaci%C3%B3n-Seca/Smoochies-Tiritas-Toda-Edad-Todas-las-ra/p/000000000003417933,
153,1b0452ce-a250-4771-91a4-a738e0938105,2018-05-16 00:38:22.719,chedraui,a7705864-7b08-11e7-855a-0242ac110005,Los Cabos,20180516,0.0,22.90060043334961,-109.927001953125,67.9000015258789,67.9000015258789,,Baja California Sur,https://www.chedraui.com.mx/Departamentos/Super/Mascotas/Perros/Alimentaci%C3%B3n-Seca/Smoochies-Tiritas-Toda-Edad-Todas-las-ra/p/000000000003417933,
154,1b0452ce-a250-4771-91a4-a738e0938105,2018-05-16 00:37:40.967,chedraui,e02a5370-7b09-11e7-855a-0242ac110005,Álvaro Obregón,20180516,0.0,19.37339973449707,-99.16239929199219,67.9000015258789,67.9000015258789,,Distrito Federal,https://www.chedraui.com.mx/Departamentos/Super/Mascotas/Perros/Alimentaci%C3%B3n-Seca/Smoochies-Tiritas-Toda-Edad-Todas-las-ra/p/000000000003417933,
155,1b0452ce-a250-4771-91a4-a738e0938105,2018-05-16 00:36:18.766,chedraui,a7705864-7b08-11e7-855a-0242ac110005,Los Cabos,20180516,0.0,22.90060043334961,-109.927001953125,67.9000015258789,67.9000015258789,,Baja California Sur,https://www.chedraui.com.mx/Departamentos/Super/Mascotas/Perros/Alimentaci%C3%B3n-Seca/Smoochies-Tiritas-Toda-Edad-Todas-las-ra/p/000000000003417933,
156,1b0452ce-a250-4771-91a4-a738e0938105,2018-05-16 00:33:17.462,chedraui,e02a5370-7b09-11e7-855a-0242ac110005,Álvaro Obregón,20180516,0.0,19.37339973449707,-99.16239929199219,67.9000015258789,67.9000015258789,,Distrito Federal,https://www.chedraui.com.mx/Departamentos/Super/Mascotas/Perros/Alimentaci%C3%B3n-Seca/Smoochies-Tiritas-Toda-Edad-Todas-las-ra/p/000000000003417933,
157,1b0452ce-a250-4771-91a4-a738e0938105,2018-05-16 00:24:18.886,chedraui,dfd2a882-7b09-11e7-855a-0242ac110005,Álvaro Obregón,20180516,0.0,19.36870002746582,-99.2582015991211,67.9000015258789,67.9000015258789,,Distrito Federal,https://www.chedraui.com.mx/Departamentos/Super/Mascotas/Perros/Alimentaci%C3%B3n-Seca/Smoochies-Tiritas-Toda-Edad-Todas-las-ra/p/000000000003417933,
158,1b0452ce-a250-4771-91a4-a738e0938105,2018-05-16 00:23:49.354,chedraui,a16daa0c-7b08-11e7-855a-0242ac110005,La Paz,20180516,0.0,24.09830093383789,-110.3270034790039,67.9000015258789,67.9000015258789,,Baja California Sur,https://www.chedraui.com.mx/Departamentos/Super/Mascotas/Perros/Alimentaci%C3%B3n-Seca/Smoochies-Tiritas-Toda-Edad-Todas-las-ra/p/000000000003417933,
159,1b0452ce-a250-4771-91a4-a738e0938105,2018-05-16 00:19:48.935,chedraui,dfd2a882-7b09-11e7-855a-0242ac110005,Álvaro Obregón,20180516,0.0,19.36870002746582,-99.2582015991211,67.9000015258789,67.9000015258789,,Distrito Federal,https://www.chedraui.com.mx/Departamentos/Super/Mascotas/Perros/Alimentaci%C3%B3n-Seca/Smoochies-Tiritas-Toda-Edad-Todas-las-ra/p/000000000003417933,
160,1b0452ce-a250-4771-91a4-a738e0938105,2018-05-16 00:18:55.403,superama,d4b678ac-7afa-11e7-8dda-0242ac110005,Benito Juarez,20180516,0.0,19.393999099731445,-99.1541976928711,69.98999786376953,69.98999786376953,,Ciudad de México,https://www.superama.com.mx/catalogo/d-lavanderia-hogar-y-mascotas/f-mascotas/l-perros/premios-para-perro-smoochies-tiritas-sabor-tocino-170-g/0003810017517,03020
161,1b0452ce-a250-4771-91a4-a738e0938105,2018-05-16 00:16:29.882,chedraui,e4b728c8-7b09-11e7-855a-0242ac110005,Azcapotzalco,20180516,0.0,19.53070068359375,-99.15679931640625,67.9000015258789,67.9000015258789,,Distrito Federal,https://www.chedraui.com.mx/Departamentos/Super/Mascotas/Perros/Alimentaci%C3%B3n-Seca/Smoochies-Tiritas-Toda-Edad-Todas-las-ra/p/000000000003417933,
162,1b0452ce-a250-4771-91a4-a738e0938105,2018-05-16 00:14:05.565,chedraui,e4b728c8-7b09-11e7-855a-0242ac110005,Azcapotzalco,20180516,0.0,19.53070068359375,-99.15679931640625,67.9000015258789,67.9000015258789,,Distrito Federal,https://www.chedraui.com.mx/Departamentos/Super/Mascotas/Perros/Alimentaci%C3%B3n-Seca/Smoochies-Tiritas-Toda-Edad-Todas-las-ra/p/000000000003417933,
163,1b0452ce-a250-4771-91a4-a738e0938105,2018-05-16 00:13:53.198,chedraui,a16daa0c-7b08-11e7-855a-0242ac110005,La Paz,20180516,0.0,24.09830093383789,-110.3270034790039,67.9000015258789,67.9000015258789,,Baja California Sur,https://www.chedraui.com.mx/Departamentos/Super/Mascotas/Perros/Alimentaci%C3%B3n-Seca/Smoochies-Tiritas-Toda-Edad-Todas-las-ra/p/000000000003417933,
164,1b0452ce-a250-4771-91a4-a738e0938105,2018-05-16 00:13:17.014,superama,cb2f10f0-7afa-11e7-8dda-0242ac110005,Álvaro Obregón,20180516,0.0,19.342100143432617,-99.24759674072266,69.98999786376953,69.98999786376953,,Ciudad de México,https://www.superama.com.mx/catalogo/d-lavanderia-hogar-y-mascotas/f-mascotas/l-perros/premios-para-perro-smoochies-tiritas-sabor-tocino-170-g/0003810017517,01620
165,1b0452ce-a250-4771-91a4-a738e0938105,2018-05-16 00:07:05.367,chedraui,e6f2296c-7b09-11e7-855a-0242ac110005,Benito Juárez,20180516,0.0,19.31290054321289,-99.13529968261719,67.9000015258789,67.9000015258789,,Distrito Federal,https://www.chedraui.com.mx/Departamentos/Super/Mascotas/Perros/Alimentaci%C3%B3n-Seca/Smoochies-Tiritas-Toda-Edad-Todas-las-ra/p/000000000003417933,
166,1b0452ce-a250-4771-91a4-a738e0938105,2018-05-16 00:04:20.676,chedraui,e6f2296c-7b09-11e7-855a-0242ac110005,Benito Juárez,20180516,0.0,19.31290054321289,-99.13529968261719,67.9000015258789,67.9000015258789,,Distrito Federal,https://www.chedraui.com.mx/Departamentos/Super/Mascotas/Perros/Alimentaci%C3%B3n-Seca/Smoochies-Tiritas-Toda-Edad-Todas-las-ra/p/000000000003417933,
